{"cameraMode":{"drawMode":0,"name":"Shaded","section":"Shading Mode"},"sceneLighting":true,"audioPlay":false,"sceneViewState":{"showFog":true,"showMaterialUpdate":false,"showSkybox":true,"showFlares":true,"showImageEffects":true,"showParticleSystems":true},"in2DMode":false,"pivot":{"x":-9.037820816040039,"y":-16.83411407470703,"z":21.480989456176759},"rotation":{"x":-0.4580549895763397,"y":0.004812300205230713,"z":-0.0024797169025987388,"w":-0.8889144659042358},"size":14.215216636657715,"orthographic":false}